{
    "dev": {
        "2x3x1-simple_switch": 0.004505157470703125,
        "2x3x2-switch_dead_end_passing": 0.005504608154296875,
        "3x10x1-four_cycle": 0.005504608154296875,
        "3x10x2-four_cycle": 0.005504608154296875,
        "3x10x3-four_cycle": 0.0065212249755859375,
        "3x10x4-four_cycle": 0.0065059661865234375,
        "3x4x1-single_cycle": 0.008518218994140625,
        "3x4x2-single_cycle": 0.0050029754638671875,
        "3x4x3-single_cycle": 0.006000518798828125,
        "3x4x4-single_cycle": 0.005001068115234375,
        "3x5x2-simple_order": 0.005001068115234375,
        "4x3x1-no_exit": 0.004119873046875,
        "5x5x2-crossing": 0.0040111541748046875,
        "7x15x2-wait_or_late": 0.0061779022216796875,
        "example": 0.3743114471435547,
        "m_example_map": 0.3767547607421875,
        "m_simple-switch_map": 0.004505157470703125,
        "simple_switch_map": 2.1979293823242188
    },
    "test": {
        "2x3x1-simple_switch": 0.0045032501220703125,
        "2x3x2-switch_dead_end_passing": 0.004505157470703125,
        "3x10x1-four_cycle": 0.0060024261474609375,
        "3x10x2-four_cycle": 0.0055065155029296875,
        "3x10x3-four_cycle": 0.012233734130859375,
        "3x10x4-four_cycle": 0.00952911376953125,
        "3x4x1-single_cycle": 0.0045070648193359375,
        "3x4x2-single_cycle": 0.00450897216796875,
        "3x4x3-single_cycle": 0.0055713653564453125,
        "3x4x4-single_cycle": 0.0065250396728515625,
        "3x5x2-simple_order": 0.0045070648193359375,
        "4x3x1-no_exit": 0.005519866943359375,
        "5x5x2-crossing": 0.0052509307861328125,
        "7x15x2-wait_or_late": 0.0055084228515625,
        "example": 0.5087814331054688,
        "m_example_map": 0.3858642578125,
        "m_simple-switch_map": 0.0055065155029296875,
        "simple_switch_map": 2.1453704833984375
    }
}